{
  "type": "minecraft:chest",
  "pools": [    
    {
      "rolls": {
        "type": "minecraft:uniform",
        "min": 1,
        "max": 1
      },
      "bonus_rolls": 0,
      "entries": [
        {
          "type": "minecraft:empty",
          "weight": 6
        },
        {
          "type": "minecraft:item",
          "weight": 1,
          "name": "minecraft:written_book",
          "functions": [
            {
              "function":"set_nbt",
        "tag":"{
          pages:[
              \"[
                \\\"\\\",
                {\\\"text\\\":\\\"§kREDACTED\\\"},
                {\\\"text\\\":\\\"§l’s Journal\nDay 85\n\n\\\"},
                {\\\"text\\\":\\\"§kREDACTED\\\"},
                {\\\"text\\\":\\\" testified to the council that I was the one who pushed \\\"},
                {\\\"text\\\":\\\"§kREDACTED\\\"},
                {\\\"text\\\":\\\" into the lava during our adventure through the Nether. This is a flat out lie, it was \\\"},
                {\\\"text\\\":\\\"§kREDACTED\\\"},
                {\\\"text\\\":\\\" that did it!\\\"}
              ]\",
              \"[
                {\\\"text\\\":\\\"I can’t believe the council thought I would’ve pushed my best friend into lava. \\\"},
                {\\\"text\\\":\\\"They will pay for this!\\\"}
              ]\"
            ],
            title:Journal,
            author:Unkown,
            display:{Lore:[\"Found in the ancient Stronghold\"]}
            }"},
            {
              "function": "minecraft:set_name",
              "name": "Prisoner's Journal #1",
              "add": false
            }
          ]
        },
        {
          "type": "minecraft:item",
          "weight": 1,
          "name": "minecraft:written_book",
          "functions": [
            {
              "function":"set_nbt",
        "tag":"{
          pages:[
              \"[
                \\\"\\\",
                {\\\"text\\\":\\\"§kREDACTED\\\"},
                {\\\"text\\\":\\\"§l’s Journal\nDay 120\n\n\\\"},
                {\\\"text\\\":\\\"Today I was sent to prison by the council for stealing cake from the kitchen. \\\"},
                {\\\"text\\\":\\\"I’m not denying that I did it, but prison!? For stealing a cake!?!? \\\"}
              ]\",
              \"[
                {\\\"text\\\":\\\"The council goes too far sometimes. \\\"},
                {\\\"text\\\":\\\"I hope they vote to release me sooner than the one week sentence I got.\\\"}
              ]\"
            ],
            title:Journal,
            author:Unkown,
            display:{Lore:[\"Found in the ancient Stronghold\"]}
            }"},
            {
              "function": "minecraft:set_name",
              "name": "Prisoner's Journal #2",
              "add": false
            }
          ]
        },
        {
          "type": "minecraft:item",
          "weight": 1,
          "name": "minecraft:written_book",
          "functions": [
            {
              "function":"set_nbt",
        "tag":"{
          pages:[
              \"[
                \\\"\\\",
                {\\\"text\\\":\\\"§kREDACTED\\\"},
                {\\\"text\\\":\\\"§l’s Journal\nDay 203\n\n\\\"},
                {\\\"text\\\":\\\"I attempted to break into the research lab to destroy research on The Asteroid. \\\"},
                {\\\"text\\\":\\\"The researchers must be stopped… they are tampering with the dark powers they know nothing about. \\\"},
                {\\\"text\\\":\\\"They will kill us all…\\\"}
              ]\"
            ],
            title:Journal,
            author:Unkown,
            display:{Lore:[\"Found in the ancient Stronghold\"]}
            }"},
            {
              "function": "minecraft:set_name",
              "name": "Prisoner's Journal #3",
              "add": false
            }
          ]
        },
        {
          "type": "minecraft:item",
          "weight": 1,
          "name": "minecraft:written_book",
          "functions": [
            {
              "function":"set_nbt",
        "tag":"{
          pages:[
              \"[
                \\\"\\\",
                {\\\"text\\\":\\\"§kREDACTED\\\"},
                {\\\"text\\\":\\\"§l’s Journal\nDay 280\n\n\\\"},
                {\\\"text\\\":\\\"I was sent here for refusing to believe in their flying mystical hunk of junk, The One Above All. \\\"},
                {\\\"text\\\":\\\"I don’t believe they really saw her in visions. \\\"}
              ]\",
              \"[
                {\\\"text\\\":\\\"I don’t think she even really exists! \\\"},
                {\\\"text\\\":\\\"I think the researchers are using it to justify their dangerous experiments. \\\"}
              ]\"
            ],
            title:Journal,
            author:Unkown,
            display:{Lore:[\"Found in the ancient Stronghold\"]}
            }"},
            {
              "function": "minecraft:set_name",
              "name": "Prisoner's Journal #4",
              "add": false
            }
          ]
        },
        {
          "type": "minecraft:item",
          "weight": 1,
          "name": "minecraft:written_book",
          "functions": [
            {
              "function":"set_nbt",
        "tag":"{
          pages:[
              \"[
                \\\"\\\",
                {\\\"text\\\":\\\"Day Tallies\n\n\\\"},
                {\\\"text\\\":\\\"IIIII IIIII IIIII IIIII IIIII IIIII IIIII IIIII IIIII IIIII IIIII IIIII IIIII \\\"},
                {\\\"text\\\":\\\"IIIII IIIII IIIII IIIII IIIII IIIII IIIII IIIII IIIII IIIII IIIII IIIII IIIII \\\"}
              ]\",
              \"[
                {\\\"text\\\":\\\"IIIII IIIII IIIII IIIII IIIII IIIII IIIII IIIII IIIII IIIII IIIII IIIII IIIII \\\"},
                {\\\"text\\\":\\\"IIIII IIIII IIIII IIIII IIIII IIIII IIIII IIIII IIIII IIIII IIIII IIIII IIIII \\\"},
                {\\\"text\\\":\\\"IIIII IIIII IIIII IIIII IIIII IIIII IIIII IIIII II\\\"}
              ]\"
            ],
            title:Journal,
            author:Unkown,
            display:{Lore:[\"Found in the ancient Stronghold\"]}
            }"},
            {
              "function": "minecraft:set_name",
              "name": "Prisoner's Journal #5",
              "add": false
            }
          ]
        }
      ]
    },
    {
      "rolls": 1,
      "bonus_rolls": 1,
      "entries": [
        {
          "type": "minecraft:item",
          "weight": 2,
          "name": "minecraft:golden_apple"
        },
        {
          "type": "minecraft:item",
          "weight": 3,
          "name": "create:honeyed_apple"
        },
        {
          "type": "minecraft:item",
          "weight": 1,
          "name": "minecraft:enchanted_golden_apple"
        },
        {
          "type": "minecraft:item",
          "weight": 5,
          "name": "minecraft:name_tag"
        },
        {
          "type": "minecraft:item",
          "weight": 15,
          "name": "minecraft:book",
          "functions": [
            {
              "function": "minecraft:enchant_with_levels",
              "levels": 30,
              "treasure": true
            }
          ]
        },
        {
          "type": "item",
          "name": "minecraft:iron_pickaxe",
          "weight": 5,
          "functions": [
            {
              "function": "set_damage",
              "damage": {
                 "min": 0.3,
                 "max": 0.7
              }
            },
            {
              "function": "minecraft:enchant_with_levels",
              "levels": 30,
              "treasure": true
            },
            {
              "function": "minecraft:set_name",
              "name": "Ancient Pickaxe",
              "add": false
            }
          ]
        },
        {
          "type": "item",
          "name": "minecraft:diamond_sword",
          "weight": 5,
          "functions": [
            {
              "function": "set_damage",
              "damage": {
                 "min": 0.3,
                 "max": 0.7
              }
            },
            {
              "function": "minecraft:enchant_with_levels",
              "levels": 30,
              "treasure": true
            },
            {
              "function": "minecraft:set_name",
              "name": "Ancient Sword",
              "add": false
            }
          ]
        },
        {
          "type": "item",
          "name": "minecraft:chainmail_chestplate",
          "weight": 5,
          "functions": [
            {
              "function": "set_damage",
              "damage": {
                 "min": 0.3,
                 "max": 0.7
              }
            },
            {
              "function": "minecraft:enchant_with_levels",
              "levels": 30,
              "treasure": true
            },
            {
              "function": "minecraft:set_name",
              "name": "Ancient Chestplate",
              "add": false
            }
          ]
        },
        {
          "type": "item",
          "name": "minecraft:crossbow",
          "weight": 5,
          "functions": [
            {
              "function": "set_damage",
              "damage": {
                 "min": 0.3,
                 "max": 0.7
              }
            },
            {
              "function": "minecraft:enchant_with_levels",
              "levels": 30,
              "treasure": true
            }
          ]
        },  
        {
          "type": "item",
          "name": "minecraft:iron_axe",
          "weight": 5,
          "functions": [
            {
              "function": "set_damage",
              "damage": {
                 "min": 0.3,
                 "max": 0.7
              }
            },
            {
              "function": "minecraft:enchant_with_levels",
              "levels": 30,
              "treasure": true
            },
            {
              "function": "minecraft:set_name",
              "name": "Ancient Axe",
              "add": false
            }
          ]
        },
        {
          "type": "item",
          "name": "supplementaries:slingshot",
          "weight": 3,
          "functions": [
            {
              "function": "set_damage",
              "damage": {
                 "min": 0.3,
                 "max": 0.7
              }
            }
          ]
        },
        {
          "type": "minecraft:item",
          "weight": 5,
          "name": "quark:blank_rune"
        },
        {
          "type": "minecraft:item",
          "weight": 3,
          "name": "quark:trowel",
          "functions": [
            {
              "function": "set_damage",
              "damage": {
                 "min": 0.3,
                 "max": 0.7
              }
            }
          ]
        },
        {
          "type": "minecraft:item",
          "weight": 5,
          "name": "minecraft:book",
          "functions": [
            {
              "function": "minecraft:enchant_with_levels",
              "levels": 30,
              "treasure": true
            }
          ]
        }
      ]
    },
    {
      "rolls": {
        "type": "minecraft:uniform",
        "min": 1,
        "max": 2
      },
      "bonus_rolls": 0,
      "entries": [
        {
          "type": "minecraft:item",
          "weight": 10,
          "name": "create:experience_nugget",
          "functions": [
            {
              "function": "minecraft:set_count",
              "count": {
                "type": "minecraft:uniform",
                "min": 5,
                "max": 15
              },
              "add": false
            }
          ]
        },
        {
          "type": "minecraft:item",
          "weight": 5,
          "name": "minecraft:rotten_flesh",
          "functions": [
            {
              "function": "minecraft:set_count",
              "count": {
                "type": "minecraft:uniform",
                "min": 3,
                "max": 6
              },
              "add": false
            }
          ]
        },
        {
          "type": "minecraft:item",
          "weight": 15,
          "name": "minecraft:bone",
          "functions": [
            {
              "function": "minecraft:set_count",
              "count": {
                "type": "minecraft:uniform",
                "min": 3,
                "max": 7
              },
              "add": false
            }
          ]
        },
        {
          "type": "minecraft:item",
          "weight": 10,
          "name": "minecraft:cobbled_deepslate",
          "functions": [
            {
              "function": "minecraft:set_count",
              "count": {
                "type": "minecraft:uniform",
                "min": 3,
                "max": 5
              },
              "add": false
            }
          ]
        },
        {
          "type": "minecraft:item",
          "weight": 10,
          "name": "minecraft:string",
          "functions": [
            {
              "function": "minecraft:set_count",
              "count": {
                "type": "minecraft:uniform",
                "min": 2,
                "max": 4
              },
              "add": false
            }
          ]
        },
        {
          "type": "minecraft:item",
          "weight": 15,
          "name": "minecraft:ender_pearl"
        }
      ]
    },
    {
      "rolls": 2,
      "bonus_rolls": 0,
      "entries": [
        {
          "type": "minecraft:empty",
          "weight": 15    
        },
        {
          "type": "minecraft:item",
          "weight": 5,
          "name": "minecraft:flint_and_steel",
          "functions": [
            {
              "function": "minecraft:set_count",
              "count": {
                "type": "minecraft:uniform",
                "min": 1,
                "max": 1
              },
              "add": false
            }
          ]
        },
        {
          "type": "minecraft:item",
          "weight": 5,
          "name": "minecraft:candle",
          "functions": [
            {
              "function": "minecraft:set_count",
              "count": {
                "type": "minecraft:uniform",
                "min": 2,
                "max": 6
              },
              "add": false
            }
          ]
        },
        {
          "type": "minecraft:item",
          "weight": 5,
          "name": "minecraft:black_candle",
          "functions": [
            {
              "function": "minecraft:set_count",
              "count": {
                "type": "minecraft:uniform",
                "min": 2,
                "max": 6
              },
              "add": false
            }
          ]
        },
        {
          "type": "minecraft:item",
          "weight": 10,
          "name": "minecraft:arrow",
          "functions": [
            {
              "function": "minecraft:set_count",
              "count": {
                "type": "minecraft:uniform",
                "min": 2,
                "max": 6
              },
              "add": false
            }
          ]
        },
        {
          "type": "minecraft:item",
          "weight": 5,
          "name": "supplementaries:candle_holder_purple",
          "functions": [
            {
              "function": "minecraft:set_count",
              "count": {
                "type": "minecraft:uniform",
                "min": 1,
                "max": 5
              },
              "add": false
            }
          ]
        },
        {
          "type": "minecraft:item",
          "weight": 5,
          "name": "supplementaries:candle_holder_black",
          "functions": [
            {
              "function": "minecraft:set_count",
              "count": {
                "type": "minecraft:uniform",
                "min": 1,
                "max": 5
              },
              "add": false
            }
          ]
        },
        {
          "type": "minecraft:item",
          "weight": 10,
          "name": "minecraft:torch",
          "functions": [
            {
              "function": "minecraft:set_count",
              "count": {
                "type": "minecraft:uniform",
                "min": 1,
                "max": 16
              },
              "add": false
            }
          ]
        },
        {
          "type": "minecraft:empty",
          "weight": 3
        }
      ]
    },
    {
      "rolls": 1,
      "bonus_rolls": 1,
      "entries": [
        {
          "type": "minecraft:empty",
          "weight": 15    
        },
        {
          "type": "minecraft:item",
          "weight": 2,
          "name": "minecraft:diamond",
          "functions": [
            {
              "function": "minecraft:set_count",
              "count": {
                "type": "minecraft:uniform",
                "min": 1,
                "max": 3
              },
              "add": false
            }
          ]
        },
        {
          "type": "minecraft:item",
          "weight": 5,
          "name": "minecraft:raw_iron",
          "functions": [
            {
              "function": "minecraft:set_count",
              "count": {
                "type": "minecraft:uniform",
                "min": 3,
                "max": 7
              },
              "add": false
            }
          ]
        },
        {
          "type": "minecraft:item",
          "weight": 5,
          "name": "minecraft:raw_copper",
          "functions": [
            {
              "function": "minecraft:set_count",
              "count": {
                "type": "minecraft:uniform",
                "min": 3,
                "max": 7
              },
              "add": false
            }
          ]
        },
        {
          "type": "minecraft:item",
          "weight": 3,
          "name": "minecraft:raw_gold",
          "functions": [
            {
              "function": "minecraft:set_count",
              "count": {
                "type": "minecraft:uniform",
                "min": 3,
                "max": 7
              },
              "add": false
            }
          ]
        },
        {
          "type": "minecraft:item",
          "weight": 5,
          "name": "create:raw_zinc",
          "functions": [
            {
              "function": "minecraft:set_count",
              "count": {
                "type": "minecraft:uniform",
                "min": 3,
                "max": 7
              },
              "add": false
            }
          ]
        },
        {
          "type": "minecraft:item",
          "weight": 5,
          "name": "minecraft:iron_ingot",
          "functions": [
            {
              "function": "minecraft:set_count",
              "count": {
                "type": "minecraft:uniform",
                "min": 3,
                "max": 7
              },
              "add": false
            }
          ]
        },
        {
          "type": "minecraft:item",
          "weight": 5,
          "name": "minecraft:copper_ingot",
          "functions": [
            {
              "function": "minecraft:set_count",
              "count": {
                "type": "minecraft:uniform",
                "min": 3,
                "max": 7
              },
              "add": false
            }
          ]
        },
        {
          "type": "minecraft:item",
          "weight": 3,
          "name": "minecraft:gold_ingot",
          "functions": [
            {
              "function": "minecraft:set_count",
              "count": {
                "type": "minecraft:uniform",
                "min": 3,
                "max": 7
              },
              "add": false
            }
          ]
        },
        {
          "type": "minecraft:item",
          "weight": 5,
          "name": "create:zinc_ingot",
          "functions": [
            {
              "function": "minecraft:set_count",
              "count": {
                "type": "minecraft:uniform",
                "min": 3,
                "max": 7
              },
              "add": false
            }
          ]
        },
        {
          "type": "minecraft:item",
          "weight": 10,
          "name": "minecraft:coal",
          "functions": [
            {
              "function": "minecraft:set_count",
              "count": {
                "type": "minecraft:uniform",
                "min": 3,
                "max": 10
              },
              "add": false
            }
          ]
        }
      ]
    }
  ]
}
