{
  "type": "minecraft:chest",
  "pools": [    
    {
      "rolls": {
        "type": "minecraft:uniform",
        "min": 1,
        "max": 3
      },
      "bonus_rolls": 0,
      "entries": [
        {
          "type": "minecraft:empty",
          "weight": 2
        },
        {
          "type": "minecraft:item",
          "weight": 1,
          "name": "minecraft:written_book",
          "functions": [
            {
              "function":"set_nbt",
        "tag":"{
          pages:[
              \"[
                \\\"\\\",
                {\\\"text\\\":\\\"§kREDACTED\\\"},
                {\\\"text\\\":\\\"§l’s Journal\nDay 306\n\n\\\"},
                {\\\"text\\\":\\\"The explorers just arrived back home from their expedition through the mysterious portal device. Well, one of them did, to be specific. \\\"},
                {\\\"text\\\":\\\"According to them, the rest of the team was killed by \\\"},
                {\\\"text\\\":\\\"§oThe One Above All. \\\"}
              ]\",
              \"[
                {\\\"text\\\":\\\"The one who returned was scarred and bruised, but the strangest thing was an obscure infection of darkness upon his head. \\\"},
                {\\\"text\\\":\\\"I have been attempting to treat him the past few days. He has slowly been going insane, and the infection is spreading. \\\"}
              ]\",
              \"[
                {\\\"text\\\":\\\"I just noticed a black spot growing on my arm, I hope this is not the infection. If it is, we are all doomed.\\\"}
              ]\"
            ],
            title:Journal,
            author:Unkown,
            display:{Lore:[\"Found in the ancient Stronghold\"]}
            }"},
            {
              "function": "minecraft:set_name",
              "name": "Mysterious Journal #7",
              "add": false
            }
          ]
        },
        {
          "type": "minecraft:item",
          "weight": 1,
          "name": "minecraft:written_book",
          "functions": [
            {
              "function":"set_nbt",
        "tag":"{
          pages:[
              \"[
                \\\"\\\",
                {\\\"text\\\":\\\"§kREDACTED\\\"},
                {\\\"text\\\":\\\"§l’s Journal\nDay 315\n\n\\\"},
                {\\\"text\\\":\\\"I am the last one left. After the expedition through the portal, an infection spread throughout the Stronghold rapidly. \\\"},
                {\\\"text\\\":\\\"All who caught it turned into beings of darkness with glowing purple eyes.\\\"}
              ]\",
              \"[
                {\\\"text\\\":\\\"Maybe \\\"},
                {\\\"text\\\":\\\"§oThe One Above All \\\"},
                {\\\"text\\\":\\\"is not as benevolent as we once thought. \\\"},
                {\\\"text\\\":\\\"Maybe this is The End form. It is only a matter of time \\\"},
                {\\\"text\\\":\\\"before I have to leave to restock food and water. For now, I’ll hide in here.\\\"}
              ]\"
            ],
            title:Journal,
            author:Unkown,
            display:{Lore:[\"Found in the ancient Stronghold\"]}
            }"},
            {
              "function": "minecraft:set_name",
              "name": "Mysterious Journal #8",
              "add": false
            }
          ]
        },
        {
          "type": "minecraft:item",
          "weight": 1,
          "name": "minecraft:written_book",
          "functions": [
            {
              "function":"set_nbt",
        "tag":"{
          pages:[
              \"[
                \\\"\\\",
                {\\\"text\\\":\\\"§kREDACTED\\\"},
                {\\\"text\\\":\\\"§l’s Journal\nDay 317\n\n\\\"},
                {\\\"text\\\":\\\"I am going to make the journey down to the portal room to deactivate it. \\\"},
                {\\\"text\\\":\\\"I hope by doing this I can prevent more from being infected by \\\"},
                {\\\"text\\\":\\\"§kThe End. \\\"},
                {\\\"text\\\":\\\"My plan is to lock the portal behind the eyes of darkness and magic.\\\"}
              ]\"
            ],
            title:Journal,
            author:Unkown,
            display:{Lore:[\"Found in the ancient Stronghold\"]}
            }"},
            {
              "function": "minecraft:set_name",
              "name": "Mysterious Journal #9",
              "add": false
            }
          ]
        },
        {
          "type": "minecraft:item",
          "weight": 1,
          "name": "minecraft:written_book",
          "functions": [
            {
              "function":"set_nbt",
        "tag":"{
          pages:[
              \"[
                \\\"\\\",
                {\\\"text\\\":\\\"§kREDACTED\\\"},
                {\\\"text\\\":\\\"§l’s Journal\nDay 318\n\n\\\"},
                {\\\"text\\\":\\\"I caught it. On my way back from deactivating and locking the portal, \\\"},
                {\\\"text\\\":\\\"I was met with a shadowy figure that resembled \\\"},
                {\\\"text\\\":\\\"§kREDACTED.\\\"},
                {\\\"text\\\":\\\"They snuck up behind me and hit me.\\\"}
              ]\",
              \"[
                {\\\"text\\\":\\\"Since then I have felt queasy and felt an immense hatred of water. \\\"},
                {\\\"text\\\":\\\"How strange. My skin has also started to be consumed by darkness. \\\"},
                {\\\"text\\\":\\\"It’s only a matter of time before I am fully infected.\\\"}
              ]\"
            ],
            title:Journal,
            author:Unkown,
            display:{Lore:[\"Found in the ancient Stronghold\"]}
            }"},
            {
              "function": "minecraft:set_name",
              "name": "Mysterious Journal #10",
              "add": false
            }
          ]
        },
        {
          "type": "minecraft:item",
          "weight": 1,
          "name": "minecraft:written_book",
          "functions": [
            {
              "function":"set_nbt",
        "tag":"{
          pages:[
              \"[
                \\\"\\\",
                {\\\"text\\\":\\\"§lThe Secret Lab\n\n\\\"},
                {\\\"text\\\":\\\"This newly built, as of Day 225, hidden lab behind the Grand Library is devoted to extraterrestrial research and development. \\\"},
                {\\\"text\\\":\\\"The main goal behind this research is to find a way to reach the \\\"},
                {\\\"text\\\":\\\"§oThe One Above All.\\\"}
              ]\"
            ],
            title:Lab,
            author:Unkown,
            display:{Lore:[\"Found in the ancient Stronghold\"]}
            }"},
            {
              "function": "minecraft:set_name",
              "name": "The Secret Lab",
              "add": false
            }
          ]
        },
        {
          "type": "minecraft:item",
          "weight": 1,
          "name": "minecraft:written_book",
          "functions": [
            {
              "function":"set_nbt",
        "tag":"{
          pages:[
              \"[
                \\\"\\\",
                {\\\"text\\\":\\\"§lPortal Device\n\n\\\"},
                {\\\"text\\\":\\\"We have assembled what we believe to be a portal device from the contents of the Asteroid. \\\"},
                {\\\"text\\\":\\\"We are relocating this portal device to a location deep within the Stronghold behind a maze of puzzles and traps. \\\"}
              ]\",
              \"[
                {\\\"text\\\":\\\"This way, our hard work cannot be tampered with by those who think our experiments are too dangerous. \\\"},
                {\\\"text\\\":\\\"We hope this portal device can finally help us reach the \\\"},
                {\\\"text\\\":\\\"§oThe One Above All. \\\"}
              ]\",
              \"[
                {\\\"text\\\":\\\"We are going to send a team into the portal within the next few days. \\\"},
                {\\\"text\\\":\\\"All our hard work is finally going to pay off!\\\"}
              ]\"
            ],
            title:Portal,
            author:Unkown,
            display:{Lore:[\"Found in the ancient Stronghold\"]}
            }"},
            {
              "function": "minecraft:set_name",
              "name": "The Portal Device",
              "add": false
            }
          ]
        }
      ]
    },
    {
      "rolls": {
        "type": "minecraft:uniform",
        "min": 3,
        "max": 10
      },
      "bonus_rolls": 0,
      "entries": [
        {
          "type": "minecraft:item",
          "weight": 25,
          "name": "minecraft:book",
          "functions": [
            {
              "function": "minecraft:set_count",
              "count": {
                "type": "minecraft:uniform",
                "min": 1,
                "max": 3
              },
              "add": false
            }
          ]
        },
        {
          "type": "minecraft:item",
          "weight": 25,
          "name": "minecraft:paper",
          "functions": [
            {
              "function": "minecraft:set_count",
              "count": {
                "type": "minecraft:uniform",
                "min": 2,
                "max": 7
              },
              "add": false
            }
          ]
        },
        {
          "type": "minecraft:item",
          "weight": 5,
          "name": "minecraft:end_stone",
          "functions": [
            {
              "function": "minecraft:set_count",
              "count": {
                "type": "minecraft:uniform",
                "min": 1,
                "max": 2
              },
              "add": false
            },
            {
              "function": "minecraft:set_name",
              "name": "Asteroid Sample",
              "add": false
            }
          ]
        },
        {
          "type": "minecraft:item",
          "weight": 5,
          "name": "supplementaries:candle_holder_purple",
          "functions": [
            {
              "function": "minecraft:set_count",
              "count": {
                "type": "minecraft:uniform",
                "min": 2,
                "max": 3
              },
              "add": false
            }
          ]
        },
        {
          "type": "minecraft:item",
          "weight": 10,
          "name": "quark:myalite",
          "functions": [
            {
              "function": "minecraft:set_count",
              "count": {
                "type": "minecraft:uniform",
                "min": 3,
                "max": 5
              },
              "add": false
            }
          ]
        },
        {
          "type": "minecraft:item",
          "weight": 10,
          "name": "quark:myalite_crystal",
          "functions": [
            {
              "function": "minecraft:set_count",
              "count": {
                "type": "minecraft:uniform",
                "min": 3,
                "max": 5
              },
              "add": false
            }
          ]
        },
        {
          "type": "minecraft:item",
          "weight": 10,
          "name": "minecraft:amethyst_shard",
          "functions": [
            {
              "function": "minecraft:set_count",
              "count": {
                "type": "minecraft:uniform",
                "min": 3,
                "max": 5
              },
              "add": false
            }
          ]
        },
        {
          "type": "minecraft:item",
          "name": "minecraft:map"
        },
        {
          "type": "minecraft:item",
          "name": "minecraft:compass"
        },
        {
          "type": "minecraft:item",
          "weight": 15,
          "name": "minecraft:book",
          "functions": [
            {
              "function": "minecraft:enchant_with_levels",
              "levels": 20
            }
          ]
        },
        {
          "type": "minecraft:item",
          "weight": 5,
          "name": "minecraft:book",
          "functions": [
            {
              "function": "minecraft:enchant_with_levels",
              "levels": 30,
              "treasure": true
            }
          ]
        },
        {
          "type": "minecraft:item",
          "weight": 5,
          "name": "quark:ancient_tome",
          "functions": [
            {
              "function": "quark:tome_enchant",
              "levels": 10
            }
          ]
        },
        {
          "type": "minecraft:item",
          "weight": 5,
          "name": "integrated_stronghold:disc_fragment_sight",
          "functions": [
            {
              "function": "minecraft:set_count",
              "count": {
                "type": "minecraft:uniform",
                "min": 1,
                "max": 2
              },
              "add": false
            }
          ]
        }
      ]
    },
    {
      "rolls": {
        "type": "minecraft:uniform",
        "min": 1,
        "max": 3
      },
      "bonus_rolls": 0,
      "entries": [
        {
          "type": "minecraft:item",
          "weight": 10,
          "name": "quark:purple_rune",
          "functions": [
            {
              "function": "minecraft:set_count",
              "count": {
                "type": "minecraft:uniform",
                "min": 1,
                "max": 1
              },
              "add": false
            }
          ]
        },
        {
          "type": "minecraft:item",
          "weight": 10,
          "name": "minecraft:writable_book",
          "functions": [
            {
              "function": "minecraft:set_count",
              "count": {
                "type": "minecraft:uniform",
                "min": 1,
                "max": 1
              },
              "add": false
            }
          ]
        },
        {
          "type": "minecraft:item",
          "weight": 5,
          "name": "create:crafting_blueprint",
          "functions": [
            {
              "function": "minecraft:set_count",
              "count": {
                "type": "minecraft:uniform",
                "min": 1,
                "max": 2
              },
              "add": false
            }
          ]
        },
        {
          "type": "minecraft:item",
          "weight": 5,
          "name": "create:propeller",
          "functions": [
            {
              "function": "minecraft:set_count",
              "count": {
                "type": "minecraft:uniform",
                "min": 1,
                "max": 1
              },
              "add": false
            }
          ]
        },
        {
          "type": "minecraft:item",
          "weight": 5,
          "name": "create:brass_hand",
          "functions": [
            {
              "function": "minecraft:set_count",
              "count": {
                "type": "minecraft:uniform",
                "min": 1,
                "max": 1
              },
              "add": false
            }
          ]
        },
        {
          "type": "minecraft:item",
          "weight": 5,
          "name": "create:electron_tube",
          "functions": [
            {
              "function": "minecraft:set_count",
              "count": {
                "type": "minecraft:uniform",
                "min": 1,
                "max": 3
              },
              "add": false
            }
          ]
        },
        {
          "type": "minecraft:item",
          "weight": 5,
          "name": "create:powdered_obsidian",
          "functions": [
            {
              "function": "minecraft:set_count",
              "count": {
                "type": "minecraft:uniform",
                "min": 1,
                "max": 3
              },
              "add": false
            }
          ]
        },
        {
          "type": "minecraft:item",
          "weight": 5,
          "name": "create:rose_quartz",
          "functions": [
            {
              "function": "minecraft:set_count",
              "count": {
                "type": "minecraft:uniform",
                "min": 1,
                "max": 3
              },
              "add": false
            }
          ]
        },
        {
          "type": "minecraft:item",
          "weight": 5,
          "name": "minecraft:spyglass",
          "functions": [
            {
              "function": "minecraft:set_count",
              "count": {
                "type": "minecraft:uniform",
                "min": 1,
                "max": 1
              },
              "add": false
            }
          ]
        }
      ]
    }
  ]
}
