{
  "type": "minecraft:chest",
  "pools": [    
    {
      "rolls": {
        "type": "minecraft:uniform",
        "min": 1,
        "max": 1
      },
      "bonus_rolls": 0,
      "entries": [
        {
          "type": "minecraft:empty",
          "weight": 6
        },
        {
          "type": "minecraft:item",
          "weight": 1,
          "name": "minecraft:written_book",
          "functions": [
            {
              "function":"set_nbt",
        "tag":"{
          pages:[
              \"[
                \\\"\\\",
                {\\\"text\\\":\\\"§kREDACTED\\\"},
                {\\\"text\\\":\\\"§l’s Journal\nDay 114\n\n\\\"},
                {\\\"text\\\":\\\"I broke their stupid rules and escaped to the surface through caves, and upon returning they are torturing me for information. \\\"},
                {\\\"text\\\":\\\"They want to know if I saw the \\\"},
                {\\\"text\\\":\\\"§kpillagers\\\"},
                {\\\"text\\\":\\\"up on the surface and what they are up to. \\\"}
              ]\",
              \"[
                {\\\"text\\\":\\\"I’ll never tell them! \\\"},
                {\\\"text\\\":\\\"They treated me with kindness unlike the council.\\\"}
              ]\"
            ],
            title:Journal,
            author:Unkown,
            display:{Lore:[\"Found in the ancient Stronghold\"]}
            }"},
            {
              "function": "minecraft:set_name",
              "name": "Prisoner's Journal #6",
              "add": false
            }
          ]
        },
        {
          "type": "minecraft:item",
          "weight": 1,
          "name": "minecraft:written_book",
          "functions": [
            {
              "function":"set_nbt",
        "tag":"{
          pages:[
              \"[
                \\\"\\\",
                {\\\"text\\\":\\\"§kREDACTED\\\"},
                {\\\"text\\\":\\\"§l’s Journal\nDay 291\n\n\\\"},
                {\\\"text\\\":\\\"After studying the Asteroid with the researchers, I came up with a recipe for the \\\"},
                {\\\"text\\\":\\\"§kportal frame. \\\"},
                {\\\"text\\\":\\\"Once I realized how dangerous it could be, I decided I would keep it secret.\\\"}
              ]\",
              \"[
                {\\\"text\\\":\\\"One of them found my notes and realized all they need is the recipe. \\\"},
                {\\\"text\\\":\\\"They threatened to use all sorts of spikes and mechanisms of pain to get me to reveal the recipe.\\\"}
              ]\"
            ],
            title:Journal,
            author:Unkown,
            display:{Lore:[\"Found in the ancient Stronghold\"]}
            }"},
            {
              "function": "minecraft:set_name",
              "name": "Prisoner's Journal #7",
              "add": false
            }
          ]
        },
        {
          "type": "minecraft:item",
          "weight": 1,
          "name": "minecraft:written_book",
          "functions": [
            {
              "function":"set_nbt",
        "tag":"{
          pages:[
              \"[
                \\\"\\\",
                {\\\"text\\\":\\\"Day Tallies\n\n\\\"},
                {\\\"text\\\":\\\"IIIII IIIII IIIII IIIII IIIII IIIII IIIII IIIII IIIII IIIII IIIII IIIII IIIII \\\"},
                {\\\"text\\\":\\\"IIIII IIIII IIIII IIIII IIIII IIIII IIIII IIIII IIIII IIIII IIIII IIIII IIIII \\\"}
              ]\",
              \"[
                {\\\"text\\\":\\\"IIIII IIIII IIIII IIIII IIIII IIIII IIIII IIIII IIIII IIIII IIIII IIIII IIIII \\\"},
                {\\\"text\\\":\\\"IIIII IIIII IIIII IIIII IIIII IIIII IIIII I\\\"}
              ]\"
            ],
            title:Journal,
            author:Unkown,
            display:{Lore:[\"Found in the ancient Stronghold\"]}
            }"},
            {
              "function": "minecraft:set_name",
              "name": "Prisoner's Journal #8",
              "add": false
            }
          ]
        },
        {
          "type": "minecraft:item",
          "weight": 1,
          "name": "minecraft:written_book",
          "functions": [
            {
              "function":"set_nbt",
        "tag":"{
          pages:[
              \"[
                \\\"\\\",
                {\\\"text\\\":\\\"§l5 Deadly Trap Designs\nBy \\\"},
                {\\\"text\\\":\\\"§kREDACTED\n\n\\\"},
                {\\\"text\\\":\\\"In this guidebook, I will teach you about 5 deadly trap designs to protect your treasures and secrets from others.\\\"}
              ]\",
              \"[
                {\\\"text\\\":\\\"§lLava fans\n\\\"},
                {\\\"text\\\":\\\"Placing fans behind lava or fire will blow the heat, burning the victim. \\\"},
                {\\\"text\\\":\\\"You can hide these fans behind walls or ceilings and use panels to reveal the fans. \\\"}
              ]\",
              \"[
                {\\\"text\\\":\\\"This is a great trap for discouraging entrance to an area without totally obliterating the victim. \\\"},
                {\\\"text\\\":\\\"Plus, it's very flashy and looks very cool.\\\"}
              ]\",
              \"[
                {\\\"text\\\":\\\"§lTripwires\n\\\"},
                {\\\"text\\\":\\\"Tripwires? That’s boring! You might say. Yes, it can be boring, but it's very effective and easy to set up. \\\"},
                {\\\"text\\\":\\\"All you do is hide a dispenser in a dark area and place string along the floor to set off the trap. \\\"},
                {\\\"text\\\":\\\"Bombs and tipped arrows work great in these dispensers.\\\"}
              ]\",
              \"[
                {\\\"text\\\":\\\"§lZombie Pit\n\\\"},
                {\\\"text\\\":\\\"One way to ensure your victim doesn’t make it out alive is by moving the floor from under their feet and sending them spiraling into a pit of zombies. \\\"},
                {\\\"text\\\":\\\"This sounds hard to set up, but apart from getting the zombies it's pretty straightforward. \\\"}
              ]\",
              \"[
                {\\\"text\\\":\\\"Trap zombies in a pit below the floor, and set up a movable floor that either rotates or retracts into the walls to drop them down. \\\"},
                {\\\"text\\\":\\\"Next, get zombies to follow you into the hole below the ground. \\\"},
                {\\\"text\\\":\\\"Now all you have to set up is the activation mechanism. You can use pressure plates or tripwires. \\\"},
                {\\\"text\\\":\\\"Either way will get the job done!\\\"}
              ]\",
              \"[
                {\\\"text\\\":\\\"§lDrills\n\\\"},
                {\\\"text\\\":\\\"§kPlacing fans behind lava or fire will blow the heat, burning the victim. \\\"},
                {\\\"text\\\":\\\"§kYou can hide these fans behind walls or ceilings and use panels to reveal the fans. \\\"},
                {\\\"text\\\":\\\"§kThis is a great trap for discouraging entrance to an area without totally obliterating the victim. \\\"},
                {\\\"text\\\":\\\"§kPlus, it's very flashy and looks very cool.\\\"}
              ]\",
              \"[
                {\\\"text\\\":\\\"§kLava fans\n\\\"},
                {\\\"text\\\":\\\"§kPlacing fans behind lava or fire will blow the heat, burning the victim. \\\"},
                {\\\"text\\\":\\\"§kYou can hide these fans behind walls or ceilings and use panels to reveal the fans. \\\"},
                {\\\"text\\\":\\\"§kThis is a great trap for discouraging entrance to an area without totally obliterating the victim. \\\"},
                {\\\"text\\\":\\\"§kPlus, it's very flashy and looks very cool.\\\"}
              ]\"
            ],
            title:Traps,
            author:Unkown,
            display:{Lore:[\"Found in the ancient Stronghold\"]}
            }"},
            {
              "function": "minecraft:set_name",
              "name": "5 Deadly Trap Designs",
              "add": false
            }
          ]
        }
      ]
    },
    {
      "rolls": 1,
      "bonus_rolls": 1,
      "entries": [
        {
          "type": "minecraft:item",
          "weight": 10,
          "name": "minecraft:golden_apple"
        },
        {
          "type": "minecraft:item",
          "weight": 15,
          "name": "create:honeyed_apple"
        },
        {
          "type": "minecraft:item",
          "weight": 10,
          "name": "minecraft:enchanted_golden_apple"
        },
        {
          "type": "minecraft:item",
          "weight": 10,
          "name": "minecraft:name_tag"
        },
        {
          "type": "minecraft:item",
          "weight": 15,
          "name": "minecraft:book",
          "functions": [
            {
              "function": "minecraft:enchant_with_levels",
              "levels": 30,
              "treasure": true
            }
          ]
        },
        {
          "type": "item",
          "name": "minecraft:iron_pickaxe",
          "weight": 5,
          "functions": [
            {
              "function": "set_damage",
              "damage": {
                 "min": 0.3,
                 "max": 0.7
              }
            },
            {
              "function": "minecraft:enchant_with_levels",
              "levels": 30,
              "treasure": true
            },
            {
              "function": "minecraft:set_name",
              "name": "Ancient Pickaxe",
              "add": false
            }
          ]
        },
        {
          "type": "item",
          "name": "minecraft:diamond_sword",
          "weight": 5,
          "functions": [
            {
              "function": "set_damage",
              "damage": {
                 "min": 0.3,
                 "max": 0.7
              }
            },
            {
              "function": "minecraft:enchant_with_levels",
              "levels": 30,
              "treasure": true
            },
            {
              "function": "minecraft:set_name",
              "name": "Ancient Sword",
              "add": false
            }
          ]
        },
        {
          "type": "item",
          "name": "minecraft:chainmail_chestplate",
          "weight": 5,
          "functions": [
            {
              "function": "set_damage",
              "damage": {
                 "min": 0.3,
                 "max": 0.7
              }
            },
            {
              "function": "minecraft:enchant_with_levels",
              "levels": 30,
              "treasure": true
            },
            {
              "function": "minecraft:set_name",
              "name": "Ancient Chestplate",
              "add": false
            }
          ]
        },
        {
          "type": "item",
          "name": "minecraft:crossbow",
          "weight": 5,
          "functions": [
            {
              "function": "set_damage",
              "damage": {
                 "min": 0.3,
                 "max": 0.7
              }
            },
            {
              "function": "minecraft:enchant_with_levels",
              "levels": 30,
              "treasure": true
            }
          ]
        },  
        {
          "type": "item",
          "name": "minecraft:iron_axe",
          "weight": 5,
          "functions": [
            {
              "function": "set_damage",
              "damage": {
                 "min": 0.3,
                 "max": 0.7
              }
            },
            {
              "function": "minecraft:enchant_with_levels",
              "levels": 30,
              "treasure": true
            },
            {
              "function": "minecraft:set_name",
              "name": "Ancient Axe",
              "add": false
            }
          ]
        },
        {
          "type": "item",
          "name": "supplementaries:slingshot",
          "weight": 3,
          "functions": [
            {
              "function": "set_damage",
              "damage": {
                 "min": 0.3,
                 "max": 0.7
              }
            }
          ]
        },
        {
          "type": "minecraft:item",
          "weight": 5,
          "name": "quark:blank_rune"
        },
        {
          "type": "minecraft:item",
          "weight": 3,
          "name": "quark:trowel",
          "functions": [
            {
              "function": "set_damage",
              "damage": {
                 "min": 0.3,
                 "max": 0.7
              }
            }
          ]
        },
        {
          "type": "minecraft:item",
          "weight": 5,
          "name": "minecraft:book",
          "functions": [
            {
              "function": "minecraft:enchant_with_levels",
              "levels": 30,
              "treasure": true
            }
          ]
        }
      ]
    },
    {
      "rolls": {
        "type": "minecraft:uniform",
        "min": 1,
        "max": 2
      },
      "bonus_rolls": 0,
      "entries": [
        {
          "type": "minecraft:item",
          "weight": 10,
          "name": "create:experience_nugget",
          "functions": [
            {
              "function": "minecraft:set_count",
              "count": {
                "type": "minecraft:uniform",
                "min": 5,
                "max": 15
              },
              "add": false
            }
          ]
        },
        {
          "type": "minecraft:item",
          "weight": 5,
          "name": "minecraft:rotten_flesh",
          "functions": [
            {
              "function": "minecraft:set_count",
              "count": {
                "type": "minecraft:uniform",
                "min": 3,
                "max": 6
              },
              "add": false
            }
          ]
        },
        {
          "type": "minecraft:item",
          "weight": 15,
          "name": "minecraft:bone",
          "functions": [
            {
              "function": "minecraft:set_count",
              "count": {
                "type": "minecraft:uniform",
                "min": 3,
                "max": 7
              },
              "add": false
            }
          ]
        },
        {
          "type": "minecraft:item",
          "weight": 10,
          "name": "minecraft:cobbled_deepslate",
          "functions": [
            {
              "function": "minecraft:set_count",
              "count": {
                "type": "minecraft:uniform",
                "min": 3,
                "max": 5
              },
              "add": false
            }
          ]
        },
        {
          "type": "minecraft:item",
          "weight": 10,
          "name": "minecraft:string",
          "functions": [
            {
              "function": "minecraft:set_count",
              "count": {
                "type": "minecraft:uniform",
                "min": 2,
                "max": 4
              },
              "add": false
            }
          ]
        },
        {
          "type": "minecraft:item",
          "weight": 15,
          "name": "minecraft:ender_pearl"
        }
      ]
    },
    {
      "rolls": 2,
      "bonus_rolls": 0,
      "entries": [
        {
          "type": "minecraft:empty",
          "weight": 15    
        },
        {
          "type": "minecraft:item",
          "weight": 5,
          "name": "minecraft:flint_and_steel",
          "functions": [
            {
              "function": "minecraft:set_count",
              "count": {
                "type": "minecraft:uniform",
                "min": 1,
                "max": 1
              },
              "add": false
            }
          ]
        },
        {
          "type": "minecraft:item",
          "weight": 5,
          "name": "minecraft:candle",
          "functions": [
            {
              "function": "minecraft:set_count",
              "count": {
                "type": "minecraft:uniform",
                "min": 2,
                "max": 6
              },
              "add": false
            }
          ]
        },
        {
          "type": "minecraft:item",
          "weight": 5,
          "name": "minecraft:black_candle",
          "functions": [
            {
              "function": "minecraft:set_count",
              "count": {
                "type": "minecraft:uniform",
                "min": 2,
                "max": 6
              },
              "add": false
            }
          ]
        },
        {
          "type": "minecraft:item",
          "weight": 10,
          "name": "minecraft:arrow",
          "functions": [
            {
              "function": "minecraft:set_count",
              "count": {
                "type": "minecraft:uniform",
                "min": 2,
                "max": 6
              },
              "add": false
            }
          ]
        },
        {
          "type": "minecraft:item",
          "weight": 5,
          "name": "supplementaries:candle_holder_purple",
          "functions": [
            {
              "function": "minecraft:set_count",
              "count": {
                "type": "minecraft:uniform",
                "min": 1,
                "max": 5
              },
              "add": false
            }
          ]
        },
        {
          "type": "minecraft:item",
          "weight": 5,
          "name": "supplementaries:candle_holder_black",
          "functions": [
            {
              "function": "minecraft:set_count",
              "count": {
                "type": "minecraft:uniform",
                "min": 1,
                "max": 5
              },
              "add": false
            }
          ]
        },
        {
          "type": "minecraft:item",
          "weight": 10,
          "name": "minecraft:torch",
          "functions": [
            {
              "function": "minecraft:set_count",
              "count": {
                "type": "minecraft:uniform",
                "min": 1,
                "max": 16
              },
              "add": false
            }
          ]
        },
        {
          "type": "minecraft:empty",
          "weight": 3
        }
      ]
    },
    {
      "rolls": 1,
      "bonus_rolls": 1,
      "entries": [
        {
          "type": "minecraft:empty",
          "weight": 15    
        },
        {
          "type": "minecraft:item",
          "weight": 2,
          "name": "minecraft:diamond",
          "functions": [
            {
              "function": "minecraft:set_count",
              "count": {
                "type": "minecraft:uniform",
                "min": 1,
                "max": 3
              },
              "add": false
            }
          ]
        },
        {
          "type": "minecraft:item",
          "weight": 5,
          "name": "minecraft:raw_iron",
          "functions": [
            {
              "function": "minecraft:set_count",
              "count": {
                "type": "minecraft:uniform",
                "min": 3,
                "max": 7
              },
              "add": false
            }
          ]
        },
        {
          "type": "minecraft:item",
          "weight": 5,
          "name": "minecraft:raw_copper",
          "functions": [
            {
              "function": "minecraft:set_count",
              "count": {
                "type": "minecraft:uniform",
                "min": 3,
                "max": 7
              },
              "add": false
            }
          ]
        },
        {
          "type": "minecraft:item",
          "weight": 3,
          "name": "minecraft:raw_gold",
          "functions": [
            {
              "function": "minecraft:set_count",
              "count": {
                "type": "minecraft:uniform",
                "min": 3,
                "max": 7
              },
              "add": false
            }
          ]
        },
        {
          "type": "minecraft:item",
          "weight": 5,
          "name": "create:raw_zinc",
          "functions": [
            {
              "function": "minecraft:set_count",
              "count": {
                "type": "minecraft:uniform",
                "min": 3,
                "max": 7
              },
              "add": false
            }
          ]
        },
        {
          "type": "minecraft:item",
          "weight": 5,
          "name": "minecraft:iron_ingot",
          "functions": [
            {
              "function": "minecraft:set_count",
              "count": {
                "type": "minecraft:uniform",
                "min": 3,
                "max": 7
              },
              "add": false
            }
          ]
        },
        {
          "type": "minecraft:item",
          "weight": 5,
          "name": "minecraft:copper_ingot",
          "functions": [
            {
              "function": "minecraft:set_count",
              "count": {
                "type": "minecraft:uniform",
                "min": 3,
                "max": 7
              },
              "add": false
            }
          ]
        },
        {
          "type": "minecraft:item",
          "weight": 3,
          "name": "minecraft:gold_ingot",
          "functions": [
            {
              "function": "minecraft:set_count",
              "count": {
                "type": "minecraft:uniform",
                "min": 3,
                "max": 7
              },
              "add": false
            }
          ]
        },
        {
          "type": "minecraft:item",
          "weight": 5,
          "name": "create:zinc_ingot",
          "functions": [
            {
              "function": "minecraft:set_count",
              "count": {
                "type": "minecraft:uniform",
                "min": 3,
                "max": 7
              },
              "add": false
            }
          ]
        },
        {
          "type": "minecraft:item",
          "weight": 10,
          "name": "minecraft:coal",
          "functions": [
            {
              "function": "minecraft:set_count",
              "count": {
                "type": "minecraft:uniform",
                "min": 3,
                "max": 10
              },
              "add": false
            }
          ]
        },
        {
          "type": "minecraft:item",
          "weight": 5,
          "name": "integrated_stronghold:disc_fragment_sight",
          "functions": [
            {
              "function": "minecraft:set_count",
              "count": {
                "type": "minecraft:uniform",
                "min": 1,
                "max": 2
              },
              "add": false
            }
          ]
        }
      ]
    }
  ]
}
