{
  "parent": "idas:idas_root",
  "display": {
    "icon": {
      "item": "minecraft:blue_ice"
    },
    "title": {
      "translate": "Dread Citadel"
    },
    "description": {
      "translate": "The foreboding Citadel awaits..."
    },
    "show_toast": true,
    "announce_to_chat": true,
    "frame": "challenge",
    "hidden": false
  },
  "rewards": {
    "experience": 100
  },
  "criteria": {
    "in_dread_citadel": {
      "trigger": "minecraft:location",
      "conditions": {
        "feature": "idas:iceandfire/dread_citadel"
      }
    }
  },
  "requirements": [
    [
      "in_dread_citadel"
    ]
  ]
}