{
  "parent": "idas:idas_root",
  "display": {
    "icon": {
      "item": "alexsmobs:skelewag_sword"
    },
    "title": {
      "translate": "A Sunken Ship"
    },
    "description": {
      "translate": "A Captain Always Goes Down With Their Ship..."
    },
    "show_toast": true,
    "announce_to_chat": true,
    "hidden": false
  },
  "rewards": {
    "experience": 50
  },
  "criteria": {
    "in_sunken_ship": {
      "trigger": "minecraft:location",
      "conditions": {
        "feature": "idas:sunken_ship/sunken_ship"
      }
    }
  },
  "requirements": [
    [
      "in_sunken_ship"
    ]
  ]
}